INSERT INTO Artifact (
    id, name, description, imagePath, foundPlace, age, historicalContext, whoFound,
    coordinates, dimensions, weight, texture, materiaComposition, historicalPeople,
    origin_or_utility, socialRelevance, createdAt, updatedAt
) VALUES
('a29f1a0d-b57f-4b3a-98bb-9d34f9a5f0c1', 'Ânfora Grega', 'Recipiente utilizado para transporte de vinho', '/images/anfora_grega.jpg', 'Mar Egeu', '2.300 anos', 'Período Helenístico', 'Equipe Arqueomar', '38.2460, 26.1352', '45cm x 25cm', '12kg', 'Cerâmica polida', 'Argila vermelha', 'Alexandre, o Grande', 'Transporte de líquidos', 'Importância no comércio marítimo da antiguidade', '2025-10-01 10:00:00', '2025-10-01 10:00:00'),
('2b1f0c59-a79e-4d2e-843f-83c62d5bda22', 'Máscara Cerimonial', 'Usada em rituais tribais litorâneos', '/images/mask_tribal.png', 'Costa da África Ocidental', '500 anos', 'Era dos Descobrimentos', 'Expedição Lusitana', '7.1349, -12.0875', '30cm x 20cm', '3kg', 'Madeira entalhada', 'Mogno', 'Rei Kongo', 'Ritual religioso', 'Simboliza ancestralidade e poder', '2025-10-02 11:00:00', '2025-10-02 11:00:00'),
('c8f47e64-9d5e-4a8c-bcb2-3c3a2d4e7b33', 'Moeda Romana', 'Moeda de bronze com inscrição do imperador Trajano', '/images/moeda_romana.jpg', 'Mediterrâneo Central', '1.900 anos', 'Império Romano', 'Pescadores locais', '35.6895, 14.0173', '2.5cm de diâmetro', '50g', 'Metal liso com gravações', 'Bronze', 'Imperador Trajano', 'Meio de troca', 'Representação da economia imperial', '2025-10-03 09:30:00', '2025-10-03 09:30:00'),
('d21e9d10-5cfa-4b4a-8c7a-8c5fa4791b44', 'Estatueta Maia', 'Figura antropomórfica de adoração', '/images/maia_statue.png', 'Golfo do México', '1.200 anos', 'Civilização Maia', 'Arqueólogos da UNAM', '19.4326, -99.1332', '25cm x 10cm', '2.5kg', 'Pedra vulcânica rugosa', 'Basalto', 'Sacerdotes maias', 'Culto aos deuses', 'Religiosidade e identidade cultural', '2025-10-04 15:45:00', '2025-10-04 15:45:00'),
('fbd5c50a-29cd-4e9d-8012-0198b8fda55b', 'Faca Cerimonial Viking', 'Usada em rituais e oferendas', '/images/viking_knife.jpg', 'Mar do Norte', '1.000 anos', 'Era Viking', 'Equipe Nórdica', '60.4720, 8.4689', '30cm', '1kg', 'Metal com cabo entalhado', 'Ferro e osso', 'Ragnar Lodbrok', 'Ritual de passagem', 'Símbolo de bravura e sacrifício', '2025-10-05 08:20:00', '2025-10-05 08:20:00'),
('7de34639-e67b-4e53-a1e1-1cbb08f4e7f9', 'Concha Pintada', 'Arte rupestre em conchas', '/images/concha_arte.png', 'Costa do Maranhão', '800 anos', 'Pré-colonial', 'Comunidade indígena local', '-2.5383, -44.2825', '15cm', '300g', 'Calcária decorada', 'Concha calcária', 'Tupinambás', 'Objeto ritualístico', 'Expressão artística nativa', '2025-10-06 13:00:00', '2025-10-06 13:00:00'),
('5c1a8c88-6d53-4ae3-b56c-d789a24b1199', 'Bracelete Egípcio', 'Joia usada por sacerdotisas', '/images/bracelete_egipcio.jpg', 'Delta do Nilo', '3.000 anos', 'Antigo Egito', 'Missão Franco-Egípcia', '30.0444, 31.2357', '7cm de diâmetro', '200g', 'Metal e pedras polidas', 'Ouro e lápis-lazúli', 'Cleópatra VII', 'Uso cerimonial', 'Poder feminino e status', '2025-10-07 16:30:00', '2025-10-07 16:30:00'),
('e68bfb7c-39ec-4e45-b1ff-0fbcbd33f939', 'Harpa Marinha', 'Instrumento musical rudimentar', '/images/harpa_marinha.jpg', 'Ilhas Gregas', '2.100 anos', 'Antiguidade clássica', 'Equipe Helênica', '36.3932, 25.4615', '60cm x 30cm', '4kg', 'Madeira com cordas de tripa', 'Carvalho e cordame', 'Orfeu', 'Entretenimento e culto', 'Relação com mitos e arte', '2025-10-08 12:00:00', '2025-10-08 12:00:00'),
('3b2a9e3f-8e5f-4c32-9f19-9a0a99c29570', 'Pedra Inscrita Fenícia', 'Fragmento com escrita fenícia', '/images/pedra_fenicia.png', 'Líbano costeiro', '2.800 anos', 'Antiga Fenícia', 'Equipe Libanesa', '33.8547, 35.8623', '20cm x 15cm', '2kg', 'Pedra lisa com gravação', 'Calcário', 'Reis fenícios', 'Comércio e registro histórico', 'Evidência da escrita antiga', '2025-10-09 14:15:00', '2025-10-09 14:15:00'),
('914a91fb-22f6-4a18-9b9b-d9c1ebf95ad3', 'Talismã Submerso', 'Objeto de proteção espiritual', '/images/talisma_submerso.png', 'Oceano Índico', '600 anos', 'Culturas do Índico', 'Mergulhadores espirituais', '-4.0435, 39.6682', '5cm', '150g', 'Metal corroído', 'Estanho', 'Xamãs costeiros', 'Proteção contra naufrágios', 'Espiritualidade marítima', '2025-10-10 17:45:00', '2025-10-10 17:45:00');

INSERT INTO Institute (
  id, name, country, state, city, address, number, createdAt, updatedAt
) VALUES
('f0d3e0b2-8c6f-43d0-9c7c-1e5a2745b9a1', 'Instituto Marítimo de Lisboa', 'Portugal', 'Lisboa', 'Lisboa', 'Rua das Gaivotas', '120', '2025-10-01 09:00:00', '2025-10-01 09:00:00'),
('8b3e178e-6fd2-4f87-8c2c-8d9dff9cbe87', 'Centro de Pesquisas Oceânicas', 'Brasil', 'Rio de Janeiro', 'Rio de Janeiro', 'Av. Atlântica', '2345', '2025-10-02 10:30:00', '2025-10-02 10:30:00'),
('cd7d34a1-93dc-4db6-9624-1ec509e3512f', 'Instituto de História Subaquática', 'Espanha', 'Catalunha', 'Barcelona', 'Passeig de Colom', '89', '2025-10-03 14:15:00', '2025-10-03 14:15:00'),
('b1f8a7f0-4a73-4429-8ab7-2e5103b4efc4', 'Fundação Arqueomar', 'Brasil', 'Bahia', 'Salvador', 'Rua do Porto', '76', '2025-10-04 08:45:00', '2025-10-04 08:45:00'),
('15e3a457-e849-4567-9fd8-6711789e004c', 'Instituto Helênico de Pesquisa Marinha', 'Grécia', 'Ática', 'Atenas', 'Av. Poseidon', '432', '2025-10-05 11:00:00', '2025-10-05 11:00:00'),
('3c8c7ba2-01d3-4128-aeaf-f3fc72df5be4', 'Centro Cultural Fenício', 'Líbano', 'Monte Líbano', 'Beirute', 'Rua dos Cedros', '102', '2025-10-06 16:20:00', '2025-10-06 16:20:00'),
('af123451-4e38-4b66-bacd-b6dbb9f285df', 'Instituto de Antiguidades Egípcias', 'Egito', 'Cairo', 'Cairo', 'Rua dos Faraós', '10B', '2025-10-07 13:50:00', '2025-10-07 13:50:00'),
('06bb4ec6-50de-4b8b-925f-2a3a1d2aa9b0', 'Instituto Viking de Oslo', 'Noruega', 'Oslo', 'Oslo', 'Av. Nórdica', '333', '2025-10-08 09:10:00', '2025-10-08 09:10:00'),
('ec9d92db-dc7e-47f4-a5b3-8bb4207a6c7c', 'Centro Tupinambá de História', 'Brasil', 'Pará', 'Belém', 'Travessa dos Saberes', '56', '2025-10-09 15:30:00', '2025-10-09 15:30:00'),
('e0a1f19e-c6c1-4d87-b216-7cf36094f243', 'Instituto Oceanográfico de Maputo', 'Moçambique', 'Maputo', 'Maputo', 'Av. da Liberdade', '200', '2025-10-10 17:40:00', '2025-10-10 17:40:00');

INSERT INTO Libraries (
  id, name, city, state, country, private, imagePath, createdAt, updatedAt
) VALUES
('0a9d45d6-5d6b-4f88-a132-11f45ccdf901', 'Biblioteca Atlântica', 'Recife', 'Pernambuco', 'Brasil', 0, '/images/atlantica.png', '2025-10-01 09:00:00', '2025-10-01 09:00:00'),
('c4b345ed-8d99-456b-84d0-3e1ef54e41d7', 'Oceanic Archive', 'Lisboa', 'Lisboa', 'Portugal', 1, '/images/oceanic.jpg', '2025-10-02 10:15:00', '2025-10-02 10:15:00'),
('19cabc76-dbb9-4e9e-93d6-5c278a4c758b', 'Centro de Manuscritos Náuticos', 'Barcelona', 'Catalunha', 'Espanha', 0, '/images/nauticos.jpg', '2025-10-03 13:45:00', '2025-10-03 13:45:00'),
('6b1f780a-bc42-4605-9626-d6224dcbe6e2', 'Arquivo Histórico Submarino', 'Rio de Janeiro', 'RJ', 'Brasil', 1, '/images/submarino.png', '2025-10-04 11:30:00', '2025-10-04 11:30:00'),
('fb9a213f-df8d-4635-b9e7-203d0fc44d45', 'Library of Ancient Mariners', 'Atenas', 'Ática', 'Grécia', 0, '/images/mariners.jpg', '2025-10-05 15:00:00', '2025-10-05 15:00:00'),
('3de3820a-50de-4ed6-b3be-25eb8d1a621e', 'Biblioteca Fenícia do Litoral', 'Beirute', 'Monte Líbano', 'Líbano', 1, '/images/fenicia.png', '2025-10-06 09:45:00', '2025-10-06 09:45:00'),
('718cc98e-ea8a-4e6a-bc8b-9c813b113ac9', 'Instituto de Documentação Náutica', 'Cairo', 'Cairo', 'Egito', 0, '/images/doc_nautica.jpg', '2025-10-07 08:20:00', '2025-10-07 08:20:00'),
('add18c13-69c3-4667-9f4f-fb58d5c124ae', 'Biblioteca Nórdica', 'Oslo', 'Oslo', 'Noruega', 0, '/images/nordica.jpg', '2025-10-08 17:00:00', '2025-10-08 17:00:00'),
('bdc2ab4f-8ed2-44d3-babf-2f89c27fa211', 'Arquivo dos Povos Originários', 'Belém', 'Pará', 'Brasil', 1, '/images/povos_originarios.jpg', '2025-10-09 12:00:00', '2025-10-09 12:00:00'),
('5327fc3c-74eb-4e97-b82f-9299e4563b4a', 'Biblioteca de Pesquisa Marinha', 'Maputo', 'Maputo', 'Moçambique', 0, '/images/pesquisa_marinha.jpg', '2025-10-10 14:30:00', '2025-10-10 14:30:00');

INSERT INTO LibrariesInstitutes (id, InstituteId, LibraryId, createdAt, updatedAt) VALUES
('a1b2c3d4-e5f6-7890-1234-56789abcdef0', 'f0d3e0b2-8c6f-43d0-9c7c-1e5a2745b9a1', '0a9d45d6-5d6b-4f88-a132-11f45ccdf901', '2025-10-01 09:00:00', '2025-10-01 09:00:00'),
('b2c3d4e5-f678-9012-3456-789abcdef012', '8b3e178e-6fd2-4f87-8c2c-8d9dff9cbe87', 'c4b345ed-8d99-456b-84d0-3e1ef54e41d7', '2025-10-02 10:30:00', '2025-10-02 10:30:00'),
('c3d4e5f6-7890-1234-5678-9abcdef01234', 'cd7d34a1-93dc-4db6-9624-1ec509e3512f', '19cabc76-dbb9-4e9e-93d6-5c278a4c758b', '2025-10-03 14:15:00', '2025-10-03 14:15:00'),
('d4e5f678-9012-3456-789a-bcdef0123456', 'b1f8a7f0-4a73-4429-8ab7-2e5103b4efc4', '6b1f780a-bc42-4605-9626-d6224dcbe6e2', '2025-10-04 08:45:00', '2025-10-04 08:45:00'),
('e5f67890-1234-5678-9abc-def012345678', '15e3a457-e849-4567-9fd8-6711789e004c', 'fb9a213f-df8d-4635-b9e7-203d0fc44d45', '2025-10-05 11:00:00', '2025-10-05 11:00:00'),
('f6789012-3456-789a-bcde-f01234567890', '3c8c7ba2-01d3-4128-aeaf-f3fc72df5be4', '3de3820a-50de-4ed6-b3be-25eb8d1a621e', '2025-10-06 16:20:00', '2025-10-06 16:20:00'),
('78901234-5678-9abc-def0-1234567890ab', 'af123451-4e38-4b66-bacd-b6dbb9f285df', '718cc98e-ea8a-4e6a-bc8b-9c813b113ac9', '2025-10-07 13:50:00', '2025-10-07 13:50:00'),
('89012345-6789-abcd-ef01-234567890abc', '06bb4ec6-50de-4b8b-925f-2a3a1d2aa9b0', 'add18c13-69c3-4667-9f4f-fb58d5c124ae', '2025-10-08 09:10:00', '2025-10-08 09:10:00'),
('90123456-789a-bcde-f012-34567890abcd', 'ec9d92db-dc7e-47f4-a5b3-8bb4207a6c7c', 'bdc2ab4f-8ed2-44d3-babf-2f89c27fa211', '2025-10-09 15:30:00', '2025-10-09 15:30:00'),
('01234567-89ab-cdef-0123-4567890abcde', 'e0a1f19e-c6c1-4d87-b216-7cf36094f243', '5327fc3c-74eb-4e97-b82f-9299e4563b4a', '2025-10-10 17:40:00', '2025-10-10 17:40:00');

INSERT INTO Artifact (
  id, name, description, imagePath, foundPlace, age, historicalContext, whoFound, coordinates,
  dimensions, weight, texture, materiaComposition, historicalPeople, origin_or_utility, socialRelevance, createdAt, updatedAt
) VALUES
('3b48a028-b56c-4f8b-9e0c-f520d33b2e29', 'Amuleto Egípcio', 'Amuleto de ouro usado na Antiguidade egípcia para proteção.', '/images/amuleto_egipcio.jpg', 'Vale dos Reis, Egito', '2000 a.C.', 'Antigo Egito', 'John Doe', '29.9792° N, 31.1342° E', '5x5 cm', '50g', 'Duro', 'Ouro', 'Faraós', 'Proteção espiritual', 'Alta', '2025-10-01 09:00:00', '2025-10-01 09:00:00'),
('fa4971e1-9c94-4694-9b87-e9b3ac207b3b', 'Vaso Grego', 'Vaso de cerâmica pintado, originário da Grécia Antiga.', '/images/vaso_grego.jpg', 'Atenas, Grécia', '500 a.C.', 'Grécia Antiga', 'Jane Smith', '37.9838° N, 23.7275° E', '20x20 cm', '2kg', 'Liso', 'Cerâmica', 'Atletas Gregos', 'Decoração e uso cotidiano', 'Média', '2025-10-02 10:00:00', '2025-10-02 10:00:00'),
('e5b5d3a7-bf9d-48f9-98b3-d7c6de5a9d74', 'Espada Viking', 'Espada de ferro forjada durante a Era Viking, encontrada na Escandinávia.', '/images/espada_viking.jpg', 'Noruega', '1000 d.C.', 'Era Viking', 'Hans Olofsson', '59.9139° N, 10.7461° E', '90 cm', '1.2kg', 'Rugosa', 'Ferro', 'Vikings', 'Arma de combate', 'Alta', '2025-10-03 14:00:00', '2025-10-03 14:00:00'),
('a2142b8e-d2a2-4fa9-a1a9-75f03c2b7b7d', 'Máscara Azteca', 'Máscara de pedra usada em rituais religiosos pelos Astecas.', '/images/mascara_azteca.jpg', 'Cidade do México, México', '1300 d.C.', 'Civilização Asteca', 'Carlos Rodríguez', '19.4326° N, 99.1332° W', '30x20 cm', '5kg', 'Arenosa', 'Pedra', 'Astecas', 'Ritual religioso', 'Alta', '2025-10-04 11:30:00', '2025-10-04 11:30:00'),
('f3a5633d-5641-4ad2-a7be-2b6f79e40c0f', 'Relógio do Século XVIII', 'Relógio de bolso de prata, feito no século XVIII.', '/images/relogio_18.jpg', 'Londres, Inglaterra', '1700 d.C.', 'Era Georgiana', 'Emily White', '51.5074° N, 0.1278° W', '10x10 cm', '150g', 'Lisa', 'Prata', 'Reis Ingleses', 'Acessório pessoal', 'Média', '2025-10-05 15:00:00', '2025-10-05 15:00:00'),
('f6b476a8-d8ba-43c4-bc72-b0c9783bcf51', 'Escudo Romano', 'Escudo de ferro usado pelos legionários romanos.', '/images/escudo_romano.jpg', 'Roma, Itália', '100 d.C.', 'Império Romano', 'Giovanni Rossi', '41.9028° N, 12.4964° E', '50x50 cm', '3.5kg', 'Rugosa', 'Ferro', 'Legionários Romanos', 'Defesa militar', 'Alta', '2025-10-06 16:00:00', '2025-10-06 16:00:00'),
('f4d7dbde-0f96-4007-9fd4-d6b5b2a742fd', 'Fíbula Medieval', 'Fíbula de bronze, usada para prender roupas na Idade Média.', '/images/fibula_medieval.jpg', 'Londres, Inglaterra', '500 d.C.', 'Idade Média', 'Arthur King', '51.5074° N, 0.1278° W', '7x5 cm', '30g', 'Lisa', 'Bronze', 'Cavaleiros', 'Uso funcional', 'Média', '2025-10-07 13:20:00', '2025-10-07 13:20:00'),
('a98f54a9-865f-4ea6-804f-8b40964c1f90', 'Jarro de Terracota', 'Jarro de terracota usado pelos romanos para armazenar vinho.', '/images/jarro_terra.jpg', 'Roma, Itália', '200 d.C.', 'Império Romano', 'Lucia Gonzalez', '41.9028° N, 12.4964° E', '30x25 cm', '1.5kg', 'Lisa', 'Terracota', 'Romano', 'Armazenamento de alimentos', 'Baixa', '2025-10-08 17:00:00', '2025-10-08 17:00:00'),
('c09b925f-e6f1-4c0e-99d7-fae0a8a88ab0', 'Candelabro Medieval', 'Candelabro de ferro encontrado em uma catedral medieval.', '/images/candelabro_medieval.jpg', 'Paris, França', '1200 d.C.', 'Idade Média', 'Pierre Dupont', '48.8566° N, 2.3522° E', '25x25 cm', '2kg', 'Rugoso', 'Ferro', 'Cavaleiros', 'Iluminação religiosa', 'Média', '2025-10-09 12:30:00', '2025-10-09 12:30:00'),
('423ad8f5-5f99-4e36-83b7-845e7a4c8a92', 'Escultura Egípcia', 'Escultura de pedra representando um deus egípcio.', '/images/escultura_egipcia.jpg', 'Luxor, Egito', '1500 a.C.', 'Antigo Egito', 'Ahmed Hassan', '25.6870° N, 32.6396° E', '40x30 cm', '10kg', 'Rugosa', 'Pedra', 'Deuses Egípcios', 'Religioso e artístico', 'Alta', '2025-10-10 14:00:00', '2025-10-10 14:00:00');
('eb03284b-beb4-4b58-b28c-9d4f5f71c56e', 'Estátua de Buda', 'Estátua de bronze de Buda, encontrada na Tailândia.', '/images/estatua_buda.jpg', 'Bangkok, Tailândia', '700 d.C.', 'Buddismo', 'Nina Li', '13.7563° N, 100.5018° E', '100x60 cm', '25kg', 'Lisa', 'Bronze', 'Monge Budista', 'Ritual religioso', 'Alta', '2025-10-11 10:00:00', '2025-10-11 10:00:00'),

('6c317ecd-3e52-48e6-a759-dc1c2c5fe7c0', 'Relógio Solar Romano', 'Relógio solar de pedra usado pelos romanos para medir o tempo.', '/images/relogio_solar_romano.jpg', 'Roma, Itália', '200 d.C.', 'Império Romano', 'Tiberius Lucius', '41.9028° N, 12.4964° E', '15x15 cm', '1kg', 'Rugosa', 'Pedra', 'Romanos', 'Instrumento de medição do tempo', 'Média', '2025-10-12 12:00:00', '2025-10-12 12:00:00'),
('b536a88d-84de-4268-b63e-dad72bba77c4', 'Espada Samurai', 'Espada katana japonesa usada por samurais.', '/images/espada_samurai.jpg', 'Kyoto, Japão', '1600 d.C.', 'Japão Feudal', 'Yoshimoto Tanaka', '35.0116° N, 135.7681° E', '100 cm', '1.5kg', 'Afiada', 'Aço', 'Samurais', 'Arma de combate', 'Alta', '2025-10-13 14:00:00', '2025-10-13 14:00:00'),
('4d3b8c97-7a92-4d02-b338-c4c2c865c857', 'Túnica Medieval', 'Túnica de lã usada por cavaleiros na Idade Média.', '/images/tunica_medieval.jpg', 'Londres, Inglaterra', '1100 d.C.', 'Idade Média', 'William Black', '51.5074° N, 0.1278° W', '180x100 cm', '1.2kg', 'Lisa', 'Lã', 'Cavaleiros', 'Vestuário de combate', 'Média', '2025-10-14 15:30:00', '2025-10-14 15:30:00'),
('bdf50650-30f0-4a42-9b9d-b16b73a5e158', 'Candelabro Barroco', 'Candelabro de prata usado na França barroca.', '/images/candelabro_baroque.jpg', 'Versalhes, França', '1700 d.C.', 'Barroco Francês', 'Louis Lefevre', '48.8049° N, 2.1158° E', '30x30 cm', '3kg', 'Brilhante', 'Prata', 'Nobres Franceses', 'Iluminação religiosa e decorativa', 'Alta', '2025-10-15 16:00:00', '2025-10-15 16:00:00'),
('4936d22f-63a0-4fd9-8a25-37e0c55e4a87', 'Máscara de Guerreiro Maasai', 'Máscara de madeira esculpida usada por guerreiros Maasai.', '/images/mascara_maasai.jpg', 'Nairóbi, Quênia', '1800 d.C.', 'Cultura Maasai', 'Omar Wanjiru', '1.2868° S, 36.8213° E', '30x20 cm', '2kg', 'Texturizada', 'Madeira', 'Guerreiros Maasai', 'Ritual de guerra', 'Alta', '2025-10-16 17:00:00', '2025-10-16 17:00:00'),
('ff918617-7559-41f3-8b67-b3ebbe7f37e9', 'Lâmpada Grega', 'Lâmpada de óleo de terracota usada na Grécia Antiga.', '/images/lampada_grega.jpg', 'Atenas, Grécia', '300 a.C.', 'Grécia Antiga', 'Sophia Nikolas', '37.9838° N, 23.7275° E', '15x10 cm', '300g', 'Lisa', 'Terracota', 'Atletas Gregos', 'Iluminação doméstica', 'Média', '2025-10-17 12:30:00', '2025-10-17 12:30:00'),
('a2b6aebf-7c48-44ac-bca9-431be9531b6f', 'Peça de Xadrez Medieval', 'Peça de xadrez de marfim da Idade Média.', '/images/peca_xadrez_medieval.jpg', 'Paris, França', '1200 d.C.', 'Idade Média', 'Bertrand Leclerc', '48.8566° N, 2.3522° E', '5x5 cm', '20g', 'Lisa', 'Marfim', 'Cavaleiros', 'Jogo de estratégia', 'Baixa', '2025-10-18 11:00:00', '2025-10-18 11:00:00'),
('adfe2e6f-f248-46b6-97d5-2640d8c9512e', 'Escudo Viking', 'Escudo de madeira e ferro usado durante a Era Viking.', '/images/escudo_viking.jpg', 'Dinamarca', '900 d.C.', 'Era Viking', 'Erik Magnusson', '56.2639° N, 9.5018° E', '90x90 cm', '6kg', 'Rugosa', 'Madeira e Ferro', 'Vikings', 'Defesa militar', 'Alta', '2025-10-19 14:30:00', '2025-10-19 14:30:00'),
('2b7f5369-8283-4bfe-b8d0-571251c98035', 'Coroa Egípcia', 'Coroa de ouro usada pelos faraós egípcios.', '/images/coroa_egipcia.jpg', 'Cairo, Egito', '1500 a.C.', 'Antigo Egito', 'Imhotep', '30.0444° N, 31.2357° E', '15x10 cm', '200g', 'Lisa', 'Ouro', 'Faraós', 'Símbolo de poder', 'Alta', '2025-10-20 13:00:00', '2025-10-20 13:00:00'),
('f4e9b69c-9e72-4f3d-bc53-038fd6d5b35a', 'Lira Grega', 'Instrumento musical de cordas, usado na Grécia Antiga.', '/images/lira_grega.jpg', 'Atenas, Grécia', '400 a.C.', 'Grécia Antiga', 'Eurípides Antonis', '37.9838° N, 23.7275° E', '70x25 cm', '1.5kg', 'Lisa', 'Madeira', 'Músicos Gregos', 'Música clássica', 'Média', '2025-10-21 10:30:00', '2025-10-21 10:30:00'),
('7b659ec0-c88c-4d44-8a67-e4e6edb7a657', 'Machado Viking', 'Machado de ferro usado na Era Viking.', '/images/machado_viking.jpg', 'Suécia', '950 d.C.', 'Era Viking', 'Sven Eriksson', '60.1282° N, 18.6435° E', '80 cm', '1kg', 'Rugosa', 'Ferro', 'Vikings', 'Arma de combate', 'Alta', '2025-10-22 09:00:00', '2025-10-22 09:00:00'),
('eb8c6adf-d11f-44b2-bb4d-e8c9d16fc519', 'Cópia de Codex Maia', 'Cópia de um manuscrito Maia com textos sagrados.', '/images/codex_maia.jpg', 'Guatemala', '900 d.C.', 'Civilização Maia', 'Juan Perez', '15.7835° N, 90.2308° W', '20x15 cm', '50g', 'Lisa', 'Papel', 'Maia', 'Texto religioso', 'Alta', '2025-10-23 08:00:00', '2025-10-23 08:00:00'),
('7d4e2617-61ca-4b89-bab4-016f03eaa42a', 'Cruz Medieval', 'Cruz de ferro usada por cavaleiros medievais.', '/images/cruz_medieval.jpg', 'Barcelona, Espanha', '1100 d.C.', 'Idade Média', 'Felipe Martinez', '41.9028° N, 2.1121° E', '25x25 cm', '500g', 'Lisa', 'Ferro', 'Cavaleiros', 'Simbolismo religioso', 'Média', '2025-10-24 17:30:00', '2025-10-24 17:30:00'),
('b64cb45d-4e4e-4bc0-bf58-e1e8f3937052', 'Vaso Chinês', 'Vaso de porcelana da dinastia Ming, encontrado na China.', '/images/vaso_chines.jpg', 'Pequim, China', '1400 d.C.', 'Dinastia Ming', 'Li Wei', '39.9042° N, 116.4074° E', '50x30 cm', '2.5kg', 'Lisa', 'Porcelana', 'Imperadores Chineses', 'Decoração', 'Média', '2025-10-25 10:00:00', '2025-10-25 10:00:00'),
('0e3efb9e-6c36-442d-b5b0-937af8c2496a', 'Punhal Romano', 'Punhal de ferro usado pelos legionários romanos.', '/images/punhal_romano.jpg', 'Roma, Itália', '50 d.C.', 'Império Romano', 'Marcus Aurelius', '41.9028° N, 12.4964° E', '25 cm', '300g', 'Rugosa', 'Ferro', 'Legionários Romanos', 'Arma de combate', 'Alta', '2025-10-26 14:30:00', '2025-10-26 14:30:00'),
('4d43c408-e6bc-4b46-8b58-ff848c937bfa', 'Címbalos de Ouro', 'Címbalos de ouro usados em cerimônias religiosas na Roma Antiga.', '/images/cimbolos_ouro.jpg', 'Roma, Itália', '50 d.C.', 'Império Romano', 'Lucius Cornelius', '41.9028° N, 12.4964° E', '10x10 cm', '150g', 'Brilhante', 'Ouro', 'Músicos Romanos', 'Cerimônias religiosas', 'Alta', '2025-10-27 13:00:00', '2025-10-27 13:00:00');


INSERT INTO `ocean`.`ArtifactsLibraries` (`id`, `createdAt`, `updatedAt`, `ArtifactId`, `LibraryId`) VALUES ('f47ac10b-58cc-4372-a567-0e02b2c3d479', '2025-10-12 09:07:42', '2025-10-12 09:07:42', '3b48a028-b56c-4f8b-9e0c-f520d33b2e29', 'fb9a213f-df8d-4635-b9e7-203d0fc44d45');
INSERT INTO `ocean`.`ArtifactsLibraries` (`id`, `createdAt`, `updatedAt`, `ArtifactId`, `LibraryId`) VALUES ('d7b4e89c-f3a2-4a1e-8a2b-1f4c9c7d2b5e', '2025-10-12 09:07:42', '2025-10-12 09:07:42', 'fa4971e1-9c94-4694-9b87-e9b3ac207b3b', 'fb9a213f-df8d-4635-b9e7-203d0fc44d45');
INSERT INTO `ocean`.`ArtifactsLibraries` (`id`, `createdAt`, `updatedAt`, `ArtifactId`, `LibraryId`) VALUES ('a1b2c3d4-e5f6-7890-1234-567890abcdef', '2025-10-12 09:07:42', '2025-10-12 09:07:42', 'e5b5d3a7-bf9d-48f9-98b3-d7c6de5a9d74', 'fb9a213f-df8d-4635-b9e7-203d0fc44d45');
INSERT INTO `ocean`.`ArtifactsLibraries` (`id`, `createdAt`, `updatedAt`, `ArtifactId`, `LibraryId`) VALUES ('01234567-89ab-cdef-0123-456789abcdef', '2025-10-12 09:07:42', '2025-10-12 09:07:42', 'a2142b8e-d2a2-4fa9-a1a9-75f03c2b7b7d', '0a9d45d6-5d6b-4f88-a132-11f45ccdf901');
INSERT INTO `ocean`.`ArtifactsLibraries` (`id`, `createdAt`, `updatedAt`, `ArtifactId`, `LibraryId`) VALUES ('fedcba98-7654-3210-fedc-ba9876543210', '2025-10-12 09:07:42', '2025-10-12 09:07:42', 'f3a5633d-5641-4ad2-a7be-2b6f79e40c0f', '0a9d45d6-5d6b-4f88-a132-11f45ccdf901');
INSERT INTO `ocean`.`ArtifactsLibraries` (`id`, `createdAt`, `updatedAt`, `ArtifactId`, `LibraryId`) VALUES ('1a2b3c4d-5e6f-7890-a1b2-c3d4e5f67890', '2025-10-12 09:07:42', '2025-10-12 09:07:42', 'f6b476a8-d8ba-43c4-bc72-b0c9783bcf51', '0a9d45d6-5d6b-4f88-a132-11f45ccdf901');
INSERT INTO `ocean`.`ArtifactsLibraries` (`id`, `createdAt`, `updatedAt`, `ArtifactId`, `LibraryId`) VALUES ('98765432-10fe-dcba-9876-543210fedcba', '2025-10-12 09:07:42', '2025-10-12 09:07:42', 'f4d7dbde-0f96-4007-9fd4-d6b5b2a742fd', '0a9d45d6-5d6b-4f88-a132-11f45ccdf901');
INSERT INTO `ocean`.`ArtifactsLibraries` (`id`, `createdAt`, `updatedAt`, `ArtifactId`, `LibraryId`) VALUES ('c3d4e5f6-7890-1234-5678-90abcdef1234', '2025-10-12 09:07:42', '2025-10-12 09:07:42', 'a98f54a9-865f-4ea6-804f-8b40964c1f90', 'add18c13-69c3-4667-9f4f-fb58d5c124ae');
INSERT INTO `ocean`.`ArtifactsLibraries` (`id`, `createdAt`, `updatedAt`, `ArtifactId`, `LibraryId`) VALUES ('b1a2c3d4-e5f6-7890-1234-567890abcdef', '2025-10-12 09:07:42', '2025-10-12 09:07:42', '423ad8f5-5f99-4e36-83b7-845e7a4c8a92', 'add18c13-69c3-4667-9f4f-fb58d5c124ae');